"0","str(reddit)
"
"1","'data.frame':	"
"1",""
"1","32754"
"1",""
"1"," obs. of  "
"1",""
"1","14"
"1",""
"1"," variable"
"1",""
"1","s"
"1",""
"1",":"
"1",""
"1","
"
"1"," "
"1",""
"1","$ "
"1",""
"1","id               "
"1",""
"1",":"
"1"," int  "
"1",""
"1","1 2 3 4 5 6 7 8 9 10"
"1",""
"1"," ..."
"1",""
"1","
"
"1"," "
"1",""
"1","$ "
"1",""
"1","gender           "
"1",""
"1",":"
"1"," int  "
"1",""
"1","0 0 1 0 1 0 0 0 0 0"
"1",""
"1"," ..."
"1",""
"1","
"
"1"," "
"1",""
"1","$ "
"1",""
"1","age.range        "
"1",""
"1",":"
"1"," chr  "
"1",""
"1","""25-34"" ""25-34"" ""18-24"" ""25-34"""
"1",""
"1"," ..."
"1",""
"1","
"
"1"," "
"1",""
"1","$ "
"1",""
"1","marital.status   "
"1",""
"1",":"
"1"," chr  "
"1",""
"1","NA NA NA NA"
"1",""
"1"," ..."
"1",""
"1","
"
"1"," "
"1",""
"1","$ "
"1",""
"1","employment.status"
"1",""
"1",":"
"1"," chr  "
"1",""
"1","""Employed full time"" ""Employed full time"" ""Freelance"" ""Freelance"""
"1",""
"1"," ..."
"1",""
"1","
"
"1"," "
"1",""
"1","$ "
"1",""
"1","military.service "
"1",""
"1",":"
"1"," chr  "
"1",""
"1","NA NA NA NA"
"1",""
"1"," ..."
"1",""
"1","
"
"1"," "
"1",""
"1","$ "
"1",""
"1","children         "
"1",""
"1",":"
"1"," chr  "
"1",""
"1","""No"" ""No"" ""No"" ""No"""
"1",""
"1"," ..."
"1",""
"1","
"
"1"," "
"1",""
"1","$ "
"1",""
"1","education        "
"1",""
"1",":"
"1"," chr  "
"1",""
"1","""Bachelor's degree"" ""Bachelor's degree"" ""Some college"" ""Bachelor's degree"""
"1",""
"1"," ..."
"1",""
"1","
"
"1"," "
"1",""
"1","$ "
"1",""
"1","country          "
"1",""
"1",":"
"1"," chr  "
"1",""
"1","""United States"" ""United States"" ""United States"" ""United States"""
"1",""
"1"," ..."
"1",""
"1","
"
"1"," "
"1",""
"1","$ "
"1",""
"1","state            "
"1",""
"1",":"
"1"," chr  "
"1",""
"1","""New York"" ""New York"" ""Virginia"" ""New York"""
"1",""
"1"," ..."
"1",""
"1","
"
"1"," "
"1",""
"1","$ "
"1",""
"1","income.range     "
"1",""
"1",":"
"1"," chr  "
"1",""
"1","""$150,000 or more"" ""$150,000 or more"" ""Under $20,000"" ""$150,000 or more"""
"1",""
"1"," ..."
"1",""
"1","
"
"1"," "
"1",""
"1","$ "
"1",""
"1","fav.reddit       "
"1",""
"1",":"
"1"," chr  "
"1",""
"1","""getmotivated"" ""gaming"" ""snackexchange"" ""spacedicks"""
"1",""
"1"," ..."
"1",""
"1","
"
"1"," "
"1",""
"1","$ "
"1",""
"1","dog.cat          "
"1",""
"1",":"
"1"," chr  "
"1",""
"1","NA NA NA NA"
"1",""
"1"," ..."
"1",""
"1","
"
"1"," "
"1",""
"1","$ "
"1",""
"1","cheese           "
"1",""
"1",":"
"1"," chr  "
"1",""
"1","NA NA NA NA"
"1",""
"1"," ..."
"1",""
"1","
"
