"0","reddit.order <- ordered(reddit, levels = c(""Under 18"",""18-24"",""25-34"",""35-44"",""45-54"",""55-64"",""65 or Above"",""NA""))"
"0","reddit.order"
"1","               id "
"1","           gender "
"1","        age.range "
"1","
"
"1","             <NA> "
"1","             <NA> "
"1","             <NA> "
"1","
"
"1","   marital.status "
"1","employment.status "
"1"," military.service "
"1","
"
"1","             <NA> "
"1","             <NA> "
"1","             <NA> "
"1","
"
"1","         children "
"1","        education "
"1","          country "
"1","
"
"1","             <NA> "
"1","             <NA> "
"1","             <NA> "
"1","
"
"1","            state "
"1","     income.range "
"1","       fav.reddit "
"1","
"
"1","             <NA> "
"1","             <NA> "
"1","             <NA> "
"1","
"
"1","          dog.cat "
"1","           cheese "
"1","
"
"1","             <NA> "
"1","             <NA> "
"1","
"
"1","8 "
"1",""
"1","Levels: "
"1",""
"1","Under 18 < 18-24 < 25-34 < 35-44 < 45-54 < ... < NA"
"1",""
"1","
"
